feature1,feature2,time_diff
-0.8086523927944378,0.016025147161604893,3600.0
0.880305136459769,-1.3461123615748398,3600.0
0.11259716861694749,-0.8653579467266826,3600.0
1.2385688547864186,0.9775339768579191,3600.0
-1.4228187670686956,1.2179111842819974,3600.0
